-- 用户模拟数据
INSERT INTO users (id, user_name, password) VALUES
('100000000', 'user_0', '0'),
('100000001', 'user_1', 'hashed_pwd_1'),
('100000002', 'user_2', 'hashed_pwd_2'),
('100000003', 'user_3', 'hashed_pwd_3'),
('100000004', 'user_4', 'hashed_pwd_4');

-- 管理员
INSERT INTO station_managers (id, user_name, password) VALUES
('200000', 'admin_0', '0'),
('200001', 'admin_1', 'admin_pwd_1'),
('200002', 'admin_2', 'admin_pwd_2'),
('200003', 'admin_3', 'admin_pwd_3'),
('200004', 'admin_4', 'admin_pwd_4');

-- 驿站
INSERT INTO stations (manager_id, station_name, address, coordinates, business_hours, business_area, capacity, is_open) VALUES
('200000', '菜鸟驿站北京房山伟业嘉园东里2号楼店(易购超市店)', '拱辰街道东关村竹园街1号-11', POINT(116.16213100000004, 39.733182000000006), '08:00-20:00', '伟业嘉园商圈', 100, TRUE),
('200001', '菜鸟驿站(北京房山阳光邑上417东门店)', '北京市房山区拱辰街道拱辰大街阳光邑上41-7号', POINT(116.18257827478999, 39.742459424030024), '06:00-17:00', '阳光邑上小区', 90, FALSE),
('200002', '菜鸟驿站(北京房山绿地社科院店)', '北京市房山区辰光东路16号院世纪华联三期9186号', POINT(116.180026, 39.742808000000004), '09:00-22:00', '启航国际-3期', 100, TRUE),
('200003', '菜鸟驿站(北京房山世茂维拉小区店)', '北京市房山区拱辰街道阳城环路22号', POINT(115.99157500000001, 39.695620000000005), '08:00-20:00', '世茂维拉小区',150, TRUE),
('200004', '菜鸟驿站(北京房山区旭辉E天地12号院店)', '北京市房山区长虹东路旭辉天地', POINT(116.17094900000006, 39.72230799999999), '10:00-22:00', '旭辉天地', 200, TRUE),
('200000', '菜鸟驿站(北京房山阜盛家园店)', '北京市房山区长阳镇燕保阜盛家园南区北门院外底商菜鸟驿站', POINT(116.19358299999999, 39.71502900000004), '08:00-20:00', '阜盛家园', 100, TRUE);

INSERT INTO favorites (user_id, station_id) VALUES
('100000003', 1),
('100000001', 1),
('100000004', 1),
('100000002', 2),
('100000001', 2),
('100000003', 2),
('100000001', 3),
('100000002', 3),
('100000000', 3),
('100000001', 4),
('100000003', 4),
('100000004', 4),
('100000002', 5),
('100000000', 5),
('100000004', 5);

INSERT INTO blocks (user_id, station_id) VALUES
('100000000', 1),
('100000000', 2);

INSERT INTO comments (user_id, station_id, speed_score, service_score, price_score, comment_content, timestamp) VALUES
    ('100000004', 5, 5, 4, 5, '推荐', '2025-05-21 13:02:40'),
    ('100000003', 5, 4, 3, 5, '不错', '2025-05-14 13:02:40'),
    ('100000004', 4, 3, 4, 5, '推荐', '2025-05-25 13:02:40'),
    ('100000004', 4, 4, 5, 4, '一般般', '2025-06-05 13:02:40'),
    ('100000002', 2, 5, 4, 4, '客服是丰川祥子, 可爱', '2025-06-03 13:02:40'),
    ('100000003', 3, 3, 4, 5, '服务不错', '2025-06-05 13:02:40'),
    ('100000002', 1, 5, 5, 3, '还行', '2025-05-12 13:02:40'),
    ('100000001', 5, 3, 4, 5, '态度很好', '2025-06-07 13:02:40'),
    ('100000001', 4, 5, 4, 5, '服务不错', '2025-05-20 13:02:40'),
    ('100000004', 5, 4, 3, 3, '一般般', '2025-05-17 13:02:40'),
    ('100000000', 2, 3, 4, 4, '客服是黑化丰川祥子', '2025-05-20 13:02:40'),
    ('100000000', 5, 5, 5, 3, '还行', '2025-05-29 13:02:40'),
    ('100000003', 4, 4, 5, 3, '一般般', '2025-06-03 13:02:40'),
    ('100000000', 5, 4, 4, 5, '推荐', '2025-05-09 13:02:40'),
    ('100000004', 4, 4, 5, 5, '推荐', '2025-05-08 13:02:40'),
    ('100000001', 3, 4, 3, 5, '推荐', '2025-05-12 13:02:40'),
    ('100000003', 4, 5, 4, 3, '还行', '2025-05-12 13:02:40'),
    ('100000000', 3, 4, 4, 5, '很满意', '2025-05-12 13:02:40'),
    ('100000003', 5, 5, 4, 4, '服务不错', '2025-05-11 13:02:40'),
    ('100000001', 3, 3, 5, 3, '服务不错', '2025-05-16 13:02:40'),
    ('100000000', 3, 4, 4, 5, '态度很好', '2025-05-15 13:02:40'),
    ('100000001', 5, 5, 5, 5, '推荐', '2025-06-01 13:02:40'),
    ('100000004', 1, 5, 5, 3, '服务不错', '2025-06-02 13:02:40'),
    ('100000003', 5, 4, 4, 4, '推荐', '2025-05-11 13:02:40'),
    ('100000002', 5, 3, 4, 5, '态度很好', '2025-05-21 13:02:40'),
    ('100000001', 4, 3, 1, 5, '服务很差', '2025-05-19 13:02:40'),
    ('100000001', 5, 5, 4, 4, '很满意', '2025-06-07 13:02:40'),
    ('100000000', 6, 4, 5, 5, '一般般', '2025-05-28 13:02:40'),
    ('100000002', 1, 4, 5, 5, '很满意', '2025-05-15 13:02:40'),
    ('100000004', 2, 3, 2, 4, '还行', '2025-05-18 13:02:40');

INSERT INTO waybills (
    send_time, receive_time, origin, destination,
    status, sender_id, receiver_id, current_station_id
) VALUES
('2025-05-27 01:19:40', NULL, '北京', '成都', '00', '100000003', '100000000', 6),
('2025-05-26 01:19:40', NULL, '上海', '青岛', '01', '100000004', '100000000', 5),
('2025-05-27 01:19:40', NULL, '上海', '西安', '01', '100000004', '100000000', 1),
('2025-06-06 01:19:40', NULL, '上海', '西安', '00', '100000003', '100000001', 1),
('2025-05-29 01:19:40', '2025-06-01 01:19:40', '北京', '西安', '11', '100000003', '100000004', 3),
('2025-05-29 01:19:40', NULL, '杭州', '南京', '00', '100000001', '100000003', 5),
('2025-06-07 01:19:40', '2025-06-11 01:19:40', '北京', '成都', '11', '100000001', '100000003', 2),
('2025-06-08 01:19:40', NULL, '上海', '青岛', '00', '100000001', '100000004', 3),
('2025-06-05 01:19:40', '2025-06-08 01:19:40', '北京', '南京', '11', '100000002', '100000004', 6),
('2025-06-02 01:19:40', NULL, '北京', '南京', '01', '100000000', '100000002', 4),
('2025-05-28 01:19:40', '2025-06-02 01:19:40', '深圳', '西安', '11', '100000002', '100000000', 3),
('2025-06-05 01:19:40', '2025-06-10 01:19:40', '深圳', '长沙', '11', '100000004', '100000002', 5),
('2025-06-07 01:19:40', '2025-06-10 01:19:40', '杭州', '南京', '11', '100000003', '100000002', 4),
('2025-05-30 01:19:40', NULL, '上海', '长沙', '01', '100000001', '100000004', 5),
('2025-06-06 01:19:40', NULL, '深圳', '南京', '10', '100000001', '100000000', 1),
('2025-06-04 01:19:40', NULL, '武汉', '西安', '00', '100000004', '100000000', 4),
('2025-06-07 01:19:40', '2025-06-11 01:19:40', '上海', '成都', '11', '100000001', '100000000', 5),
('2025-06-06 01:19:40', NULL, '杭州', '西安', '10', '100000001', '100000002', 2),
('2025-05-29 01:19:40', NULL, '杭州', '西安', '00', '100000004', '100000003', 1),
('2025-05-28 01:19:40', NULL, '北京', '青岛', '01', '100000000', '100000001', 1);






