-- 用户模拟数据
INSERT INTO users (id, user_name, password) VALUES
('100000000', 'user_0', '0'),
('100000001', 'user_1', 'hashed_pwd_1'),
('100000002', 'user_2', 'hashed_pwd_2'),
('100000003', 'user_3', 'hashed_pwd_3'),
('100000004', 'user_4', 'hashed_pwd_4');

-- 管理员
INSERT INTO station_manager (id, manager_name, password) VALUES
('200000', 'admin_0', '0'),
('200001', 'admin_1', 'admin_pwd_1'),
('200002', 'admin_2', 'admin_pwd_2'),
('200003', 'admin_3', 'admin_pwd_3'),
('200004', 'admin_4', 'admin_pwd_4');

-- 驿站
INSERT INTO stations (manager_id, station_name, address, business_hours, capacity, is_open) VALUES
('200000', '南山驿站', '深圳市南山区科技园', '08:00-20:00', 100, TRUE),
('200001', '西湖驿站', '杭州市西湖区龙井路', '06:00-17:00', 90, FALSE),
('200002', '中关村驿站', '北京市中关村南大街', '09:00-22:00', 100, TRUE),
('200003', '浦东驿站', '上海市浦东新区张江路', '08:00-20:00', 150, TRUE),
('200004', '鼓楼驿站', '南京市鼓楼区中山北路', '10:00-22:00', 200, TRUE),
('200000', '江汉驿站', '武汉市江汉区青年路', '08:00-20:00', 100, TRUE);

INSERT INTO favorites (user_id, station_id) VALUES
('100000003', 1),
('100000001', 1),
('100000004', 1),
('100000002', 2),
('100000001', 2),
('100000003', 2),
('100000001', 3),
('100000002', 3),
('100000001', 3),
('100000001', 4),
('100000003', 4),
('100000004', 4),
('100000002', 5),
('100000001', 5),
('100000004', 5);

INSERT INTO comments (user_id, station_id, score, comment_content, timestamp) VALUES
('100000004', 5, 5, '推荐', '2025-05-21 13:02:40'),
('100000003', 5, 4, '不错', '2025-05-14 13:02:40'),
('100000004', 4, 3, '推荐', '2025-05-25 13:02:40'),
('100000004', 4, 4, '一般般', '2025-06-05 13:02:40'),
('100000002', 2, 5, '客服是丰川祥子, 可爱', '2025-06-03 13:02:40'),
('100000003', 3, 3, '服务不错', '2025-06-05 13:02:40'),
('100000002', 1, 5, '还行', '2025-05-12 13:02:40'),
('100000001', 5, 3, '态度很好', '2025-06-07 13:02:40'),
('100000001', 4, 5, '服务不错', '2025-05-20 13:02:40'),
('100000004', 5, 4, '一般般', '2025-05-17 13:02:40'),
('100000000', 2, 3, '客服是黑化丰川祥子', '2025-05-20 13:02:40'),
('100000000', 5, 5, '还行', '2025-05-29 13:02:40'),
('100000003', 4, 4, '一般般', '2025-06-03 13:02:40'),
('100000000', 5, 4, '推荐', '2025-05-09 13:02:40'),
('100000004', 4, 4, '推荐', '2025-05-08 13:02:40'),
('100000001', 3, 4, '推荐', '2025-05-12 13:02:40'),
('100000003', 4, 5, '还行', '2025-05-12 13:02:40'),
('100000000', 3, 4, '很满意', '2025-05-12 13:02:40'),
('100000003', 5, 5, '服务不错', '2025-05-11 13:02:40'),
('100000001', 3, 3, '服务不错', '2025-05-16 13:02:40'),
('100000000', 3, 4, '态度很好', '2025-05-15 13:02:40'),
('100000001', 5, 5, '推荐', '2025-06-01 13:02:40'),
('100000004', 1, 5, '服务不错', '2025-06-02 13:02:40'),
('100000003', 5, 4, '推荐', '2025-05-11 13:02:40'),
('100000002', 5, 3, '态度很好', '2025-05-21 13:02:40'),
('100000001', 4, 3, '服务不错', '2025-05-19 13:02:40'),
('100000001', 5, 5, '很满意', '2025-06-07 13:02:40'),
('100000000', 6, 4, '一般般', '2025-05-28 13:02:40'),
('100000002', 1, 4, '很满意', '2025-05-15 13:02:40'),
('100000004', 2, 3, '还行', '2025-05-18 13:02:40');

